﻿<?xml version="1.0"?>
<doc>
<assembly>
<name>
CasparCGNETConnector
</name>
</assembly>
<members>
<member name="P:CasparCGNETConnector.CasparCGConnection.reconnectTries">
	<summary>
 Reads or sets the number of retires to perform if a connection can't be established
 </summary>
</member><member name="P:CasparCGNETConnector.CasparCGConnection.reconnectTimeout">
	<summary>
 Reads or sets the number of milliseconds to wait between two connection attempts
 </summary>
</member><member name="P:CasparCGNETConnector.CasparCGConnection.timeout">
	<summary>
 Reads or sets the number of milliseconds to wait for incoming data before stop reading
 </summary>
</member><member name="P:CasparCGNETConnector.CasparCGConnection.strictVersionControl">
	<summary>
 Gets or sets whether strict version control is activated. If True, only commands that pass the isCompatible() check will be executed.
 </summary>
</member><member name="M:CasparCGNETConnector.CasparCGConnection.#ctor(System.String,System.Int32)">
	<summary>
 Creates a new CasparCGConnection to the given serverAddress and serverPort
 </summary>
	<param name="serverAddress">the server ip or hostname</param>
	<param name="serverPort">the servers port</param>
	<remarks></remarks>
</member><member name="M:CasparCGNETConnector.CasparCGConnection.connect">
	<summary>
 Connects to the given server and port and returns true if a connection could be established and false otherwise.
 </summary>
	<returns>true, if and only if the connection is established, false otherwise</returns>
	<remarks></remarks>
</member><member name="M:CasparCGNETConnector.CasparCGConnection.connect(System.String,System.Int32)">
	<summary>
 Connects to the given server and port and returns true if a connection could be established and false otherwise.
 </summary>
	<param name="serverAddress">the server ip or hostname</param>
	<param name="serverPort">the servers port</param>
	<returns>true, if and only if the connection is established, false otherwise</returns>
	<remarks></remarks>
</member><member name="M:CasparCGNETConnector.CasparCGConnection.isConnected(System.Boolean)">
	<summary>
 Return whether or not the CasparCGConnection is connect to the server. If tryConnect is given and true, it will try to establish a connection if not allready connected.
 </summary>
	<param name="tryConnect"></param>
	<returns>true, if and only if the connection is established, false otherwise</returns>
	<remarks></remarks>
</member><member name="M:CasparCGNETConnector.CasparCGConnection.close">
	<summary>
 Disconnects and closes the connection to the CasparCG Server
 </summary>
	<remarks></remarks>
</member><member name="M:CasparCGNETConnector.CasparCGConnection.isOSCSupported">
	<summary>
 Returns whether or not the connected CasparCG Server supports OSC
 </summary>
	<returns>true, if and only if a connection is established and the sever supports OSC</returns>
	<remarks></remarks>
</member><member name="M:CasparCGNETConnector.CasparCGConnection.getVersion">
	<summary>
 Returns the version string of the connected CasparCG Server
 </summary>
	<returns>The version of the connected server or 0.0.0 if not connected</returns>
	<remarks></remarks>
</member><member name="M:CasparCGNETConnector.CasparCGConnection.getVersionPart(System.Int32,System.String)">
	<summary>
 Returns a specific part of the version number. 
 e.g.: If the version is 2.0.1 Beta3, you would get 
 getVersionPart(0) = 2
 getVersionPart(2) = 1
 getVersionPart(3) = -1
 </summary>
	<param name="part">The part of the version starting by 0</param>
	<param name="Version">Optional version string to get the part form. If not set, the version of the connected server will be parsed</param>
	<returns>The numberical part of the version or -1 if the part is not pressent or not numerical</returns>
	<remarks></remarks>
</member><member name="M:CasparCGNETConnector.CasparCGConnection.getServerChannels">
	<summary>
 Returns the number of channels on the connected CasparCG Server
 </summary>
	<returns>The number of channels</returns>
	<remarks></remarks>
</member><member name="M:CasparCGNETConnector.CasparCGConnection.sendAsyncCommand(System.String)">
	<summary>
 Sends a command to the casparCG server and returns imediatly after sending no matter if the command was accepted or not.
 </summary>
	<param name="cmd"></param>
	<remarks></remarks>
</member><member name="M:CasparCGNETConnector.CasparCGConnection.sendCommand(System.String)">
	<summary>
 Sends a command to the casparCG server and returns a CasparCGResonse.
 sendCommand will wait until it receives a returncode. So it may stay longer inside the function.
 If the given commandstring has more than one casparCG command, the response will be only for one of those!
 </summary>
	<param name="cmd"></param>
</member><member name="M:CasparCGNETConnector.CasparCGConnection.getServerAddress">
	<summary>
 Returns the CasparCG Server address this connection is using
 </summary>
	<returns>The IP or DNS address of this connection</returns>
	<remarks></remarks>
</member><member name="M:CasparCGNETConnector.CasparCGConnection.getServerPort">
	<summary>
 Returns the port number this connection is using
 </summary>
	<returns>The TCP port nummber of this connection</returns>
	<remarks></remarks>
</member><member name="M:CasparCGNETConnector.CasparCGConnection.setServerAddress(System.String)">
	<summary>
 Sets the address on which this connection tries to connect to the casparCG Server.
 </summary>
	<param name="serverAddress">The IP or DNS address of the server</param>
	<returns>True if this connection is not connected and the address could be set, False otherwise. </returns>
	<remarks></remarks>
</member><member name="M:CasparCGNETConnector.CasparCGConnection.setServerPort(System.Int32)">
	<summary>
 Sets the port on which this connection tries to connect to the casparCG Server.
 </summary>
	<param name="serverPort">The TCP port number</param>
	<returns>True if this connection is not connected and the port could be set, False otherwise. </returns>
	<remarks></remarks>
</member><member name="M:CasparCGNETConnector.CasparCGConnection.isLayerFree(System.Int32,System.Int32,System.Boolean,System.Boolean)">
	<summary>
 Returns whether or not a layer of a channel is free, which means no producer is playing on it.
 </summary>
	<param name="layer"></param>
	<param name="channel"></param>
	<returns></returns>
	<remarks></remarks>
</member><member name="M:CasparCGNETConnector.CasparCGConnection.getFreeLayer(System.Int32)">
	<summary>
 Returns the smallest free layer of the given channel
 </summary>
	<param name="channel"></param>
	<returns></returns>
	<remarks></remarks>
</member><member name="T:CasparCGNETConnector.CasparCGCommandFactory.Command">
	<summary>
 Enummerates the possible CasparCGCommands
 </summary>
	<remarks></remarks>
</member><member name="M:CasparCGNETConnector.CasparCGCommandFactory.getCommand(CasparCGNETConnector.CasparCGCommandFactory.Command)">
	<summary>
 Returns an instance of the given command or nothing. You have to fill the command parameter your self before calling execute!
 </summary>
	<param name="command">The command</param>
	<returns>an instance of the requested command or nothing if the requested command was not found</returns>
	<remarks></remarks>
</member><member name="M:CasparCGNETConnector.CasparCGCommandFactory.escape(System.String)">
	<summary>
 Escapes the string str as needed for casparCG Server
 </summary>
	<param name="str"></param>
	<returns></returns>
	<remarks></remarks>
</member><member name="P:CasparCGNETConnector.My.Resources.Resources.ResourceManager">
	<summary>
  Gibt die zwischengespeicherte ResourceManager-Instanz zurück, die von dieser Klasse verwendet wird.
</summary>
</member><member name="P:CasparCGNETConnector.My.Resources.Resources.Culture">
	<summary>
  Überschreibt die CurrentUICulture-Eigenschaft des aktuellen Threads für alle
  Ressourcenzuordnungen, die diese stark typisierte Ressourcenklasse verwenden.
</summary>
</member><member name="T:CasparCGNETConnector.My.Resources.Resources">
	<summary>
  Eine stark typisierte Ressourcenklasse zum Suchen von lokalisierten Zeichenfolgen usw.
</summary>
</member><member name="T:CasparCGNETConnector.CasparCGUtil">
	<summary>
 This class holds util functions and Enumns for CasparCGNetConnector 
 </summary>
</member><member name="M:CasparCGNETConnector.CasparCGMedia.fillMediaInfo(CasparCGNETConnector.CasparCGConnection@,System.Int32)">
	<summary>
 Fills the metadata informations given by the casparCG servers info command. The media will be loaded to background on the given channel and the first free layer. After polling the the INFO, the layer will be cleared again. It is recommend to use a non production channel for this
 </summary>
	<param name="connection">The connection on which the info should be requested</param>
	<param name="channel">The channel to load the media on</param>
	<remarks></remarks>
</member><member name="M:CasparCGNETConnector.ICommand.execute(CasparCGNETConnector.CasparCGConnection@)">
	<summary>
 Executes the command using the given connection and returns the <see cref="T:CasparCGNETConnector.CasparCGResponse">CasparCGResponse</see>.
 Throws a <see cref="T:System.NotSupportedException">NotSupportedException</see> if the command is not compatible to the CasparCG Server version.
 </summary>
	<param name="connection">the CasparCGConnection to execute the command on</param>
	<returns>a CasparCGResponse if, and only if the command is compatible to the connected server version, else throws a NotSupportedException</returns>
</member><member name="M:CasparCGNETConnector.ICommand.getResponse">
	<summary>
 Returns the <see cref="T:CasparCGNETConnector.CasparCGResponse">CasparCGResponse</see> of the last command execution or nothing.
 </summary>
	<returns>the <see cref="T:CasparCGNETConnector.CasparCGResponse">CasparCGResponse</see> or nothing</returns>
</member><member name="M:CasparCGNETConnector.ICommand.getName">
	<summary>
 Returns the name of this command
 </summary>
	<returns>The name of this command</returns>
</member><member name="M:CasparCGNETConnector.ICommand.getDescribtion">
	<summary>
 Returns the describtion of this command
 </summary>
	<returns>the describtion of this command</returns>
	<remarks></remarks>
</member><member name="M:CasparCGNETConnector.ICommand.getParameterNames">
	<summary>
 Returns a list of all <seealso cref="T:CasparCGNETConnector.ICommandParameter">parameter</seealso> names of this command
 </summary>
	<returns>a list of paramter names</returns>
</member><member name="M:CasparCGNETConnector.ICommand.getParameters">
	<summary>
 Returns a list of all <seealso cref="T:CasparCGNETConnector.ICommandParameter">parameter</seealso> of this command
 </summary>
	<returns>a list of paramters</returns>
</member><member name="M:CasparCGNETConnector.ICommand.getParameter(System.String)">
	<summary>
 Returns the <seealso cref="T:CasparCGNETConnector.ICommandParameter">parameter</seealso> ot the given name or nothing if no parameter of this name exists.
 </summary>
	<param name="parameterName">the all lowercase name of the parameter</param>
	<returns>the <seealso cref="T:CasparCGNETConnector.ICommandParameter">parameter</seealso> if, and only if, it exists, else nothing</returns>
</member><member name="M:CasparCGNETConnector.ICommand.isCompatible(CasparCGNETConnector.CasparCGConnection@)">
	<summary>
 Returns whether or not this command is compatible to the CasparCG Server version of the given connection.
 </summary>
	<param name="connection">the <see cref="T:CasparCGNETConnector.CasparCGConnection">connection</see></param>
	<returns>true, if and only if the commmand is compatible</returns>
</member><member name="M:CasparCGNETConnector.ICommand.getCommandString">
	<summary>
 Returns the command as string
 </summary>
	<returns>the command as string</returns>
</member><member name="M:CasparCGNETConnector.ICommand.getRequiredVersion">
	<summary>
 Returns the required version to run this command
 </summary>
	<returns>the version to run this command as array of Integer</returns>
</member><member name="M:CasparCGNETConnector.ICommand.getMaxAllowedVersion">
	<summary>
 Returns the maximum version to run this command
 </summary>
	<returns>the highest version to run this command as array of Integer</returns>
</member><member name="M:CasparCGNETConnector.AbstractCommand.execute(CasparCGNETConnector.CasparCGConnection@)">
	<summary>
 Executes the command using the given connection and returns the <see cref="T:CasparCGNETConnector.CasparCGResponse">CasparCGResponse</see>.
 Throws a <see cref="T:System.NotSupportedException">NotSupportedException</see> if the command is not compatible to the CasparCG Server version.
 </summary>
	<param name="connection">the CasparCGConnection to execute the command on</param>
	<returns>a CasparCGResponse if, and only if the command is compatible to the connected server version, else throws a NotSupportedException</returns>
</member><member name="M:CasparCGNETConnector.AbstractCommand.getResponse">
	<summary>
 Returns the <see cref="T:CasparCGNETConnector.CasparCGResponse">CasparCGResponse</see> of the last command execution or nothing.
 </summary>
	<returns>the <see cref="T:CasparCGNETConnector.CasparCGResponse">CasparCGResponse</see> or nothing</returns>
</member><member name="M:CasparCGNETConnector.AbstractCommand.getName">
	<summary>
 Returns the name of this command
 </summary>
	<returns>The name of this command</returns>
</member><member name="M:CasparCGNETConnector.AbstractCommand.getDescribtion">
	<summary>
 Returns the describtion of this command
 </summary>
	<returns>the describtion of this command</returns>
	<remarks></remarks>
</member><member name="M:CasparCGNETConnector.AbstractCommand.getParameterNames">
	<summary>
 Returns a list of all <seealso cref="T:CasparCGNETConnector.ICommandParameter">parameter</seealso> names of this command
 </summary>
	<returns>a list of paramter names</returns>
</member><member name="M:CasparCGNETConnector.AbstractCommand.getParameter(System.String)">
	<summary>
 Returns the <seealso cref="T:CasparCGNETConnector.ICommandParameter">parameter</seealso> ot the given name or nothing if no parameter of this name exists.
 </summary>
	<param name="parameterName">the all lowercase name of the parameter</param>
	<returns>the <seealso cref="T:CasparCGNETConnector.ICommandParameter">parameter</seealso> if, and only if, it exists, else nothing</returns>
</member><member name="M:CasparCGNETConnector.AbstractCommand.isCompatible(CasparCGNETConnector.CasparCGConnection@)">
	<summary>
 Returns whether or not this command is compatible to the CasparCG Server version of the given connection.
 </summary>
	<param name="connection">the <see cref="T:CasparCGNETConnector.CasparCGConnection">connection</see></param>
	<returns>true, if and only if the commmand is compatible</returns>
</member><member name="M:CasparCGNETConnector.AbstractCommand.escape(System.String)">
	<summary>
 Escapes the string str as needed for casparCG Server
 </summary>
	<param name="str"></param>
	<returns></returns>
</member><member name="M:CasparCGNETConnector.ICommandParameter.getName">
	<summary>
 Returns the name of this parameter
 </summary>
	<returns>The name of this parameter</returns>
</member><member name="M:CasparCGNETConnector.ICommandParameter.getDescribtion">
	<summary>
 Returns a describtion of this parameter
 </summary>
	<returns>The describtion</returns>
</member><member name="M:CasparCGNETConnector.ICommandParameter.isOptional">
	<summary>
 Returns whether or not this parameter is optional
 </summary>
	<returns>Returns whether or not this parameter is optional</returns>
</member><member name="M:CasparCGNETConnector.ICommandParameter.isSet">
	<summary>
 Returns whether or not this parameter has been set to a specific value.
 </summary>
	<returns>Returns whether or not the value has been set</returns>
</member><member name="M:CasparCGNETConnector.ICommandParameter.getGenericType">
	<summary>
 Returns the value type of this paramter. You can use this to generate the right input for the setValue() method
 </summary>
	<returns>System.Type - The System.Type of this parameters value</returns>
</member><member name="M:CasparCGNETConnector.ICommandParameter.getGenericParameterType">
	<summary>
 Returns the type of this parameter instance: <code>CommandParameter(Of t).getType()</code>.
 Use this to Convert the parameter into the right type with:
 <code>CTypeDynamic(paramterObject, parameterObject.getGenericParameterType).setValue(value)</code>
	</summary>
	<returns>the System.Type of this parameter</returns>
</member><member name="M:CasparCGNETConnector.ICommandParameter.getRequiredVersion">
	<summary>
 Returns the required version to run this parameter
 </summary>
	<returns>the version to run this parameter as array of Integer</returns>
</member><member name="M:CasparCGNETConnector.ICommandParameter.getMaxAllowedVersion">
	<summary>
 Returns the maximum version to run this parameter
 </summary>
	<returns>the highest version to run this parameter as array of Integer</returns>
</member><member name="M:CasparCGNETConnector.ICommandParameter.isCompatible(CasparCGNETConnector.CasparCGConnection@)">
	<summary>
 Returns whether or not this parameter is compatible to the CasparCG Server version of the given connection.
 </summary>
	<param name="connection">the <see cref="T:CasparCGNETConnector.CasparCGConnection">connection</see></param>
	<returns>true, if and only if the parameter is compatible</returns>
</member><member name="M:CasparCGNETConnector.CommandParameter`1.getDefault">
	<summary>
 Returns the default value of this parameter or nothing
 </summary>
	<returns>the default parameter or nothing</returns>
</member><member name="M:CasparCGNETConnector.CommandParameter`1.getValue">
	<summary>
 Returns the value of this parameter
 </summary>
	<returns>the value of this parameter</returns>
</member><member name="M:CasparCGNETConnector.CommandParameter`1.getGenericType">
	<summary>
 Returns the value type of this paramter. You can use this to generate the right input for the setValue() method
 </summary>
	<returns>System.Type - The System.Type of this parameters value</returns>
</member><member name="M:CasparCGNETConnector.CommandParameter`1.getGenericParameterType">
	<summary>
 Returns the type of this parameter instance: CommandParameter(Of t).getType().
 Use this to Convert the parameter into the right type with:
 CTypeDynamic(paramterObject, parameterObject.getGenericParameterType).setValue(value)
 </summary>
	<returns>the System.Type of this parameter</returns>
</member><member name="M:CasparCGNETConnector.CommandParameter`1.setValue(`0@)">
	<summary>
 Sets the value of this parameter
 </summary>
	<param name="value">the value to set this parameter to</param>
</member><member name="M:CasparCGNETConnector.CommandParameter`1.getRequiredVersion">
	<summary>
 Returns the required version to run this parameter
 </summary>
	<returns>the version to run this parameter as array of Integer</returns>
</member><member name="M:CasparCGNETConnector.CommandParameter`1.getMaxAllowedVersion">
	<summary>
 Returns the maximum version to run this parameter
 </summary>
	<returns>the highest version to run this parameter as array of Integer</returns>
</member><member name="M:CasparCGNETConnector.CommandParameter`1.isCompatible(CasparCGNETConnector.CasparCGConnection@)">
	<summary>
 Returns whether or not this parameter is compatible to the CasparCG Server version of the given connection.
 </summary>
	<param name="connection">the <see cref="T:CasparCGNETConnector.CasparCGConnection">connection</see></param>
	<returns>true, if and only if the parameter is compatible</returns>
</member>
</members>
</doc>